BatchSize,Accuracy
1,0.974399984
2,0.981299996
4,0.976700008
8,0.973800004
16,0.964399993
32,0.950999975
64,0.93599999
128,0.918500006