NumHiddenLayers,Accuracy
1,0.939199984
2,0.950999975
4,0.964299977
6,0.948499978
8,0.969099998