LearningRate,Accuracy
0.01,0.950999975
0.05,0.9745
0.1,0.978999972
0.2,0.977199972
0.4,0.977599978
0.8,0.968500018